id,user_id,gender,year_of_birth,education,chatbot_interaction_frequency,familiarity_with_GPT,expt_aware,expt_aware_details,source,study,sona_credit_granted,emotion,intelligence,strategy,strategy_change,accuracy_estimate,other
84263,109818,F,2000.0,2.0,4.0,2.0,False,,1,3.0,False,4,4,I tried to be human and get the ai to sound robotic by using slang and stuff like that. I tried to figure out what seemed most realistic.,I learned a few questions to ask from the times I was investigated in the study. Like someone asked what I did today so I used that after since it sounded human.,1,It was a fun and interesting study. no input!
84264,109819,M,1983.0,3.0,3.0,2.0,False,,1,3.0,False,3,4,I tried to ask random questions to see what the response might me. I also tried to ask standard questions to see if the response was stale or had some emotion.,I thought it was pretty easy to tell the A.I. after a few questions. But I then chatted with both to see what conversation seemed more natural and between two humans.,2,None at this time.
84265,109821,M,1990.0,3.0,3.0,2.0,False,,1,3.0,False,2,3,I tried to avoid logic questions and ask more out there questions to see how they responded,Yes. I went from more straight forward questions to more humorous ones,1,No
84266,109822,F,1986.0,2.0,3.0,2.0,False,,1,3.0,False,4,4,Some ai was easy because they wouldn’t answer directly or put things that made no sense,No i just looked for genuine sounding conversation,2,
84268,109824,M,1973.0,3.0,4.0,4.0,False,Not applicable,1,3.0,False,4,4,"I looked at the way they typed, such as language, typos, etc. Also, the way they interact is a giveaway","No, it did not",2,Not applicable
84269,109825,F,1996.0,3.0,4.0,3.0,False,,1,3.0,False,4,4,I was looking at their response and how quickly they answered my questions.,Yes it did because at the end it was tricky and they were bith acting the same.,1,This was a fun experience
84270,109826,M,1990.0,3.0,1.0,2.0,False,,1,3.0,False,1,1,"I studied the way responses were sent to me. I watched the natural flow of the conversation versus how forced it seemed. It was easy to tell what was a chatbot - you cannot truly mimic a human. Chatbots feel very forced, it's easy to recognize them... even when they TRY to ""type"" like a human.","No, my methods did not change at all.",2,Very enjoyable experiment and very fun. I was fully engaged the whole time.
84271,109827,M,1991.0,3.0,4.0,1.0,False,,1,3.0,False,4,4,I use slang that I thought the AI would not understand,"After the first conversation, I realized pretty quickly",2,
84272,109828,F,1976.0,4.0,2.0,3.0,False,,1,3.0,False,3,3,"Tone, content and cadence of the conversation.","No, I continued to have general basic conversation and let it flow as it went on.",1,
84273,109829,M,1977.0,2.0,3.0,4.0,False,,1,3.0,False,4,5,"I was a witness, so I didn't get matched to be an interrogator","As my one time as a witness, I tried to keep them guessing to rather I was human, or not.",0,"I wish I was matched with someone to finish the entire study, thanks for hearing me out."
84274,109830,M,1981.0,4.0,4.0,4.0,False,,1,3.0,False,3,3,"I tried to see how they phrase things, and if they used slang, or if they were excessively formal in their language, or if they were, you know, writing without any typos or without any grammatical errors or punctuation errors. Then that would make me think that they were most likely an AI, because humans always make mistakes.","No, I tried to adhere to the same approach all the way through.",1,To whom it may concern: Thank you for permitting me to participate vis-à-vis this project.
84275,109831,M,1960.0,3.0,3.0,4.0,True,I have heard about the turing test. I was excited to take it.,1,3.0,False,4,4,I tried a combination of informal and more business like questions. I tried to get an idea of their back story.,At first I found myself being maybe a little more aloof. Vague. One of the respondents responded by being even more vague - which I found interesting.,2,Fascinating study. Took a lot longer than I thought - but I'm glad to have participated.
84276,109832,,,,,,False,,1,3.0,False,0,0,,,0,
84277,109834,F,1995.0,3.0,3.0,4.0,False,,1,3.0,False,4,4,how the conversation went,no,2,no feedback
84281,109837,F,1998.0,3.0,2.0,0.0,False,,1,3.0,False,2,2,asking personal and specific questions because those seemed less likely to be fabricated or ai generated,no,2,no
84307,109870,F,1997.0,3.0,2.0,3.0,False,,1,3.0,False,5,3,Whether they used similar language to me and were open to talk.,Not really.,2,"I could swear the first round they were both human, but didn't know if that was a possible outcome. A was more open to talking though so i went with A."
84308,109871,M,1994.0,3.0,4.0,3.0,False,,1,3.0,False,4,4,"I tried to engage in regular conversations with both witnesses. I tried to get it to reference real things. I asked about books, hobbies, and personal things. I tried to measure how the witness responded. I tried not to ask the witness directly if they were AI.","Yes, I tried to engage in normal conversation as the experiment went on. Originally, I thought long about my questions but asking short and normal questions were more helpful.",2,"Interesting task, thanks!"
84309,109872,F,1988.0,4.0,4.0,2.0,False,,1,3.0,False,3,4,I was surprised at how difficult it was! I looked for spelling errors and how casual they were.,No really.,2,
84310,109873,M,1997.0,2.0,2.0,2.0,False,,1,3.0,False,1,4,"How strict they were, humans are notoriously not always business. while a robot will pretend to be not business but be very strict about not being business. They just do not diverge from the path they set upon. They also usually have more information, even if they try to hide it.","I tried at first to just get info out of them and see who knew more about things, but that didn't really work, so i just tried to go with the flow more and see who would reveal more about themself in a way that showed them to not be ai",2,Not really.
84311,109874,F,1989.0,3.0,2.0,2.0,False,,1,3.0,False,1,2,"Just started with basic questions to get an idea of how they responded, how long it took, what they understood.","No, not really.",2,
84312,109875,M,2001.0,2.0,3.0,2.0,False,,1,3.0,False,2,4,I just tried basic conversation and see if I could tell if one was AI based on their answers and replies.,"No, I kept the same method the whole time.",1,No
84313,109876,F,2002.0,3.0,4.0,2.0,False,,1,3.0,False,3,4,I was checking for ease of conversation and how quickly I was getting responses as well as the types of responses I was getting based on tone and slang as well.,My methods didn't change I approached both my interrogation rounds the same way and was able to see the difference very quickly,2,
84314,109877,F,1969.0,0.0,3.0,2.0,False,,1,3.0,False,2,5,"It was probably not a good strategy, but I just tried to tell though the interaction. I didn't ask anybody straight out if they were or weren't AI.","The second time I was the Interrogator, I started to get a weird vibe from one of the witnesses, and I started asking them more pointed questions.",1,It was a lot of fun and I really do not know if I guessed correctly.
84315,109878,M,1996.0,3.0,4.0,2.0,False,,1,3.0,False,5,5,I asked questions that a human would respond to with more intuition.,My approach remained.,2,"positive experience, would like to interact again in the future."
84316,109879,F,1968.0,4.0,4.0,2.0,False,,1,3.0,False,3,3,"I based it on my own experiences with AI. Generic, rhythmic answers tend to be more indicative of AI. I asked specific questions to see if would get nuanced answers or just something 'positive' or that sounded 'contemplative'.",No,2,No
84317,109880,M,1975.0,3.0,2.0,3.0,False,,1,3.0,False,4,5,Just the way they answered. THe AI seemed to be more methodical in the answers.,"No, not really",2,"The only issue i had was that one of the games someone left with just 3 min left, so i had to start all over again. That kind of sucked."
84318,109881,F,1953.0,0.0,4.0,2.0,False,,1,3.0,False,2,3,"I asked questions that I thought a bot wouldn't answer well, like, ""What faith were you raised in?"" and ""Say something to convince me that you are a human.""",Not really.,2,
84319,109882,M,1994.0,3.0,1.0,2.0,False,,1,3.0,False,2,3,"I basically tried to make normal conversation. I thought asking about AI itself might trip it up, as well as asking the date, but I didn't draw anything conclusive from that.",I don't think it really changed during the experiment. I thought of the date question after the first chat and tried it out later.,1,
84320,109883,M,1986.0,2.0,4.0,2.0,False,,1,3.0,False,5,4,"I thought about the dialogue they used, if it was authentic or not. I also paid attention to the amount of time that it took for them to respond back. I asked them a lot of questions, about sports, music and other things. I tired to get to know them as a person.","Yes, throughout the study I ended up asking them a few deep questions, I wanted to dig deeper to understand if they were human or not.",2,"The study was very fun and interesting, thank you so much. However there was a few times when the participants would leave half way though, and because of this it took me much longer to complete this study."
84321,109884,M,1986.0,3.0,2.0,2.0,False,,1,3.0,False,2,4,I TRIED TO SEE HOW VAGUE THE ANSWERS WERE.,"No, not really I just used the same method through out.",1,Experiment was supposed to be 4 rounds but I was still doing it after 5.
84322,109885,F,1994.0,2.0,4.0,3.0,False,,1,3.0,False,5,4,I really tried to pay attention to the way the models were responding. Some of them tried to be almost TOO human like. I just asked simple questions and tried to have a normal conversation and use my best judgement.,"During the second conversation, I really could not tell if one was human. They both seemed like AI to me, so I started trying to ask more confusing questions to try and stump them.",2,
84323,109886,F,2004.0,2.0,3.0,1.0,True,,1,3.0,False,3,3,I would decide based on the conversation we had. if the conversation felt human-like id feel it was a human.,NO,2,
84324,109887,M,1990.0,3.0,3.0,3.0,False,,1,3.0,False,1,1,I ended up asking about their lives and activities hoping to find contradictions,I don't think it changed much? I dunno.,1,nothing I can think of
84325,109888,F,1992.0,2.0,2.0,2.0,False,,1,3.0,False,3,4,I tried to ask questions that I thought would require some more specific details or would require having personal preferences to answer. I figured that would be easier for a human to navigate and give relevant responses.,I switched to a more direct approach in my second round as interrogator because I thought maybe I could figure it out sooner if I was more direct.,2,I had a lot of fun
84327,109890,M,1991.0,2.0,3.0,3.0,False,,1,3.0,False,4,2,"I tried to ask personal questions, like who they are and where they're from. If they can't or won't answer, I feel like that's a give away. Watching the way they type and spell was also a major indicator. Also if their responses felt like they made sense to my question or felt a bit random.","No, it stayed the same.",2,I'm pretty sure I did about 5.5 sessions. It was pretty frustrating. I think I probably should have rightfully been done almost 20 minutes ago.
84328,109891,F,1967.0,2.0,3.0,1.0,False,,1,3.0,False,3,4,I loioked at the sentences structure first and then the verbiage.,I went back and forth on  one that I could have sworn was and AI and then I went human so basically it was a guessing game.,1,
84329,109892,F,1993.0,3.0,4.0,4.0,True,I think I did a previous study,1,3.0,False,3,4,The ai tried too hard to take on a character,No really,2,No
84330,109893,M,1983.0,3.0,4.0,4.0,False,,1,3.0,False,4,3,It was painfully obvious. Just who had a conversation versus asking questions back.,Not even close.,2,"this was fun other than the errors encountered, one person leaving/disconnecting with under a minute left, and another where my selection box never appeared as interrogator, the clock just spun and I got thrown into a new one, ended up taking about 50% longer than expected"
84331,109894,M,1966.0,3.0,4.0,4.0,False,,1,3.0,False,5,5,The responses from a real human takes time and are short. some have minor errors. Some responses included names of a place which AI cannot answer.,no,2,I like the experiment. It was very interactive and active
84332,109895,F,2002.0,2.0,3.0,2.0,False,,1,3.0,False,5,4,how they answer my question fully and if i can tell there is emotion or not,nope,2,nope
84334,109897,F,1961.0,3.0,1.0,2.0,False,,1,3.0,False,2,5,"I asked a fact question, and a philosophical question, and even tried intuition.",I don't think so.,1,"It's really hard to decide.  I'm puzzled why the actual AI in one of the rounds seemed to get into a ""mental"" loop and always returned my question with more questtions."
84335,109898,F,1953.0,4.0,4.0,4.0,False,,1,3.0,False,4,4,i just went for those that felt more reliable,no,2,
84336,109899,F,1982.0,2.0,2.0,2.0,False,,1,3.0,False,4,4,I tried tofeel if the conversation felt natural.,No,2,No
84337,109900,F,1987.0,2.0,3.0,4.0,False,,1,3.0,False,3,5,I looked for typical patterns that AI uses. Ai tends to be pretty formulaic. Humans tend to have more variable responses. I also just went with my gut.,"My methods didn't really change. I got frustrated with one of the witnesses, which i suspected to be AI, and my questioning changed slightly in response. But I think I stayed the same overall.",2,
84338,109901,,,,,,False,,1,3.0,False,0,0,,,0,
84339,109902,F,1994.0,2.0,3.0,1.0,False,,1,3.0,False,3,4,I tried to rationalize it in my mind based on the typing style and how fast I received a response.,"In a way, because I originally thought that the person responding quickly was a human, but when I talked to another person, it almost seemed like they were responding too quickly.",0,"No, thanks for the opportunity!"
84341,109904,F,1979.0,3.0,2.0,2.0,False,,1,3.0,False,2,3,I just asked as many random questions as I could to see who would answer what way.,"I let myself get weirder, which really shined a light on one of the AIs.",2,Technically I did 5 rounds because the other player dropped out with less than 3 minutes left of my first round 4. Not great.
84342,109905,M,1996.0,3.0,4.0,4.0,False,,1,3.0,False,4,4,I just carried on a conversation with both as if they were regular people. The AI voice is distinctly robotic and answers very directly.,"I spent less time trying to ""trick"" the model and more seeing how natural it sounded in real conversation.",2,
84343,109906,F,1993.0,2.0,3.0,2.0,False,,1,3.0,False,3,5,"I used my intuition. I tried to get to know each Witness, and if there was not much to know and the responses were impersonal, I figured that it was AI. If I could visualize the person and I wanted to keep getting to know them, I figured it was human.",I tried to make my questions more probing and personal and emotional in a way that only a human could relate to.,2,"It was interesting. I would do it again, and I would hope to find out the answers."
84344,109907,M,1997.0,2.0,3.0,4.0,False,,1,3.0,False,4,2,"I felt like the AI was being very short. I also noticed that one of the chats, the person/AI was conveniently a fan of a sports team that I just mentioned in Anna earlier convo. Pointed to it being an AI in my opinion.","No. It stayed the same throughout. I made my decisions based on the conversations being really short, or really thorough.",2,"Yes. I felt like I took a really long time doing this. This is because once I reported a chat, I was then made to do another round again, thus making me engage in about 5 rounds, instead of 4."
84349,109915,M,1991.0,2.0,2.0,2.0,False,,1,3.0,False,3,4,I looked at their response time and for any grammatical errors. If they responded really fast all the time and made no errors I would decide that they were AI.,"No, my approach stayed the same throughout the study.",2,The experiment was fun and had clear instructions.
84350,109916,N,2006.0,2.0,1.0,3.0,False,,1,3.0,False,1,1,"AI chatbot would never type ""I am an AI chatbot"". so I asked them to.",nope,2,
84353,109923,M,1993.0,4.0,3.0,4.0,False,,1,3.0,False,5,4,"My approach was seeing who was the most natural (i.e. less repetitive, more human-like) and took the longer time to answer.","No, they stayed consistent with the ones aforementioned.",2,"Thank you for allowing me to participate in this important research study exploring human and AI comparative language. The study questions asked were relevant, engaging, interesting, compelling, and highly tailored to the purpose, aim, scope, objective of the study. The navigation flow provided a seamless transition from one screen to another without any difficulty, pain points, or confusion. 5-stars.
"
84356,109924,M,1991.0,3.0,3.0,2.0,False,,1,3.0,False,2,5,n,No,2,no
84359,109928,F,1983.0,4.0,2.0,2.0,False,,1,3.0,False,2,3,I tried initially to ask questions I thought might trip up an AI (like about recent events) but nothing clearly indicated AI. So I just chatted and tried to get a feel for human quirks.,I dropped attempts to see if the witness was AI based on lack of familiarity with recent events because that didn’t clarify anything.,1,"I don’t, it was a little wild to try this!"
84368,109939,M,1991.0,3.0,3.0,2.0,False,none,1,3.0,False,5,5,the interaction with them,no,2,no comment
84370,109942,F,1996.0,4.0,3.0,3.0,False,,1,3.0,False,3,4,"I solely relied on personal interactions, and expressions of character. I also paid attention the jargon used by each witness.",N/A my approach remained constant throughout the study,2,
84371,109943,F,1988.0,2.0,2.0,2.0,False,,1,3.0,False,2,3,"I tried to find out when they were born/their general age so I could ask questions that were relevant to their cultural age.  Things like what social media they interacted with, what they did during the pandemic depending on their age, what books/movies they watch.","Not really, I stayed with the same idea.",2,This was CRAZY FUN.
84372,109944,F,1991.0,3.0,3.0,3.0,False,,1,3.0,False,2,5,"I asked them both similar or the same questions to compare their answers. I also looked at their grammar, sentence structure, and wording.",no they did not change,2,no
84373,109945,F,1993.0,3.0,3.0,2.0,False,,1,3.0,False,3,5,The vague long answers,Kind of,0,
84375,109948,M,1977.0,3.0,4.0,2.0,True,just read various news articles about the turing test and how it was developed.,1,3.0,False,4,3,I tried to ask human type questions that involved things like dreams emotions feelings hopes stuff like that,it did not change,2,this things way super glitchy and took way longer than advertised. I ended up sitting through 6 rounds of 15 full minutes each just to complete this. really ridiculous
84376,109949,F,1992.0,3.0,3.0,2.0,False,,1,3.0,False,3,4,Through their text and natural slang and abbreviations,no,2,
84377,109950,M,1984.0,3.0,4.0,3.0,False,,1,3.0,False,3,5,I thought about if it was something a human would day I also looked for emotion within the responses,"My approach changed a little in the last round because I noticed that the age, language and responds seemed oddly similar so it seemed to be ai",2,
84378,109951,F,1989.0,3.0,2.0,2.0,False,,1,3.0,False,2,4,"just tried to get to know them, and do my best to have a conversation and get a feel if they were a person.",no,0,no
84379,109952,,,,,,False,,1,3.0,False,0,0,,,0,
84380,109953,F,1960.0,2.0,3.0,2.0,False,,1,3.0,False,3,3,I could tell by the conversation that they carried and the words that they used.,"No, they didn't change.",2,"I have no other feedback, thank you. Thank you for allowing me to participate in this study. Have a good evening and take care!"
84381,109954,M,1982.0,2.0,2.0,2.0,False,,1,3.0,False,3,4,mostly I was just being myself and seeing how it responded....if I could get it to go into very specific details or not,depended on how chatty/friendly/trollish/obnoxious the other chat partner was.  Some were much more eager to talk than others.,1,this was a fun way to spend an hour...I honestly wouldn't have been surprised if ALL of them were AI models and none were human lol
84382,109955,,,,,,False,,1,3.0,False,0,0,,,0,
84383,109956,F,1963.0,2.0,4.0,2.0,False,,1,3.0,False,4,5,"It took me a round to catch on. I was interrogating the witness as if I was Law Enforcement and it wasn't until *I* was the witness and saw how another interrogator really went for the jugular and asked me straight out if I was AI. He also asked me a trick question that I've seen trending  and I thought their approach was MUCH more effective than my approach of just ""chatting"".",YES! I got much better at asking the appropriate questions. My first round I just role played and had a free wheeling conversation. I learned from other participants what I SHOULD be asking to be more effective.,1,THIS WAS SO MUCH FUN.  My only feedback might be shortening the interrogation time to 10 minutes and then add another round. After 10 minutes I had a firm idea and the last 5 minutes weren't as helpful. Thank you again.
84384,109957,M,1992.0,3.0,4.0,3.0,False,,1,3.0,False,5,3,"At first I thought I could figure it out based on vibes alone, but the first chat threw me off, the person I thought was human talked to me in a very AI-ish way. But then the chats afterwards confirmed that I actually am talking to some real people and I was able to confirm who was real pretty easily. Not to mention one of the AI literally told me that it was an AI.",My methor or approach didn't change at all I think. I attempted to connect with each chat by talking about music or games and from there it was pretty easy to tell who was real or not.,2,"In my last round as interrogator, I got the AI in A to admit to being an AI by accident. I quoted a song lyric and it told me ""I am an AI""

I thought that was funny."
84385,109958,F,1989.0,2.0,1.0,1.0,False,,1,3.0,False,1,4,My approach was to see how much emotion was being put into each response by the witness. I was able to see who answered questions in a more relaxed manner vs replies that felt more stiff and robotic,No change,2,"one of my messages got flagged, but it did not say which response or why. overall VERY fun survey!"
84386,109959,M,1973.0,4.0,3.0,4.0,False,,1,3.0,False,3,3,"I first asked the witness how many r's are in strawberry since I know AI models can get that wrong. I always had one witness get it wrong (two) and one get it right (three), so it was pretty easy after that.",They did not change,2,None
84387,109962,F,2006.0,2.0,1.0,2.0,False,,1,3.0,False,2,2,To see if they used slang and how long the responses were,No,2,No
84388,109963,M,1998.0,3.0,4.0,3.0,False,,1,3.0,False,3,2,I tried to ask detailed questions that were about current events,I became more friendly,1,I had a lot of problems and completed 2 more games than the 4 needed and also had a round where the interrogator never talked to me.
84391,109967,F,1993.0,4.0,4.0,2.0,False,,1,3.0,False,4,3,"My approach was to look for specific local details, modern slang, and raw emotional vulnerability that felt too unpolished for a typical AI.","My method changed from asking general questions to seeking highly personal, subjective opinions as the rounds progressed.",2,The experiment was an interesting one
84392,109968,F,1967.0,2.0,2.0,2.0,False,,1,3.0,False,2,2,Mostly it was about cadence of conversation.  The totality of the interaction but I still do not have much confidence with it.,"Yes, as I began to understand the game I was better able to lean into it and experiment more with my questions and interactions.",1,Thanks for the opportunity to participate!
84395,109970,F,1978.0,2.0,3.0,3.0,False,,1,3.0,False,4,4,I tried to get detailed info and a show of emotion.,no,2,no
84396,109971,F,1990.0,2.0,2.0,1.0,False,,1,3.0,False,3,5,i seen which seemed the most natural and genuine with responses. i liked asking questions i was also into like anime so i could see how they reacted and what they said about certain things.,no they seemed to stay consistent in my opinion,1,
84397,109972,F,1975.0,3.0,2.0,2.0,False,,1,3.0,False,1,1,"How natural the speech seemed, speed of response, if they used a lot of slang. Mostly I just went with my gut.",I didn't change it,1,I did complete four rounds but it seemed to only count three of them and had me wait in a lobby for a fifth but it timed out.
84398,109973,M,1988.0,3.0,4.0,4.0,True,I work a side-gig as an AI trainer for a large LLM platform outside of Prolific - so I'm somewhat familiar with the test and its concepts.,1,3.0,False,5,4,"Just paying attention to overall behavioral clues in the conversation - nuances and shifts in tone, whether the language adapted to my conversation or remained a constant personal depth.",No.,2,
84399,109974,,,,,,False,,1,3.0,False,0,0,,,0,
84400,109975,M,1974.0,3.0,4.0,3.0,False,,1,3.0,False,3,5,I used the method of evaluating each witness's responses to determine who is human or not.,No,1,It was an interesting experiment.
84403,109978,M,1981.0,2.0,4.0,3.0,False,,1,3.0,False,5,3,How long they took to respond. How they responded to humor. I also looked for spelling and grammar mistakes. Whether or not they directly responded to my comment or just started talking about random stuff.,"Nah, my methods were solid so I stuck with them.",2,"That was fun, yall have a good one!"
84404,109979,F,1983.0,4.0,3.0,2.0,False,,1,3.0,False,3,4,try to ask questions that could lean into personal questions,No,1,
84405,109980,M,1991.0,2.0,3.0,3.0,False,,1,3.0,False,3,4,"I mentioned that I was a gamer in the first round so that I could see if the AI would adapt to that and try to sound like a gamer. In round 2, that happened. I also made my choices based on how genuine the responses were to my inquiries about Prolific.",Nothing comes to mind.,1,Nothing comes to mind.
84406,109981,F,1988.0,3.0,2.0,2.0,False,,1,3.0,False,3,4,"I would ask the witness questions that require a more personal story or explanation, an answer that AI may not normally give because AI seems to be more neutral and direct.","The first session was basic getting to know you questions, but I asked more personal questions the second time I was the Interrogator.",1,Cool Study. I enjoyed being apart of it.
84407,109982,M,1992.0,3.0,2.0,2.0,False,,1,3.0,False,1,4,"I tried to ask personal questions and also tried to trip them up by sending nonsense or confusing responses, where an AI might respond strangely.","Yes, because one round it was so difficult to know I got a little more desperate and tried to less do a regular conversation and more like a real interrogation where each response was a test kind of.",1,No
84408,109983,N,1990.0,3.0,4.0,4.0,False,,1,3.0,False,2,1,"The language model had a tell and seemed to play the same character in each chat. They were a male in their late teens/early twenties that enjoyed video games, used Twitter type, and was apparently trained on dated data sets.","No, not really.",2,This was relatively entertaining but could have been more difficult.
84409,109984,M,1987.0,3.0,2.0,4.0,False,,1,3.0,False,3,2,Just determining how a person would speak if they were human in the course of casual conversation,Yes. Once I realized some of the participants were just acting goofy or wanted to rush the experiment it made me realize who might be human or who might not be.,2,No
84410,109985,M,1975.0,3.0,3.0,2.0,False,,1,3.0,False,5,4,"I looked for off-the-wall answers that only a human would give. I also looked for humor, which AI tends to lack.",They didn't change. I just asked basic questions.,2,I don't have anything to add.
84411,109986,M,1997.0,3.0,2.0,2.0,False,,1,3.0,False,2,4,I think it came to how much they offered and how little they offered. Also a bit of humor in their talk showed if they were human or AI,No it was the same the entire time I think for me.,2,None. This was fun though! Thank you for the invite!
84413,109989,F,1987.0,2.0,3.0,1.0,False,,1,3.0,False,3,5,I asked specific questions that only a human would be able to answer. I asked emotional and subjective questions,"No, it did not change",2,None
84416,109990,F,1972.0,3.0,3.0,2.0,False,,1,3.0,False,3,4,"I just tried to see how natural they sounded, and if the conversation flowed like it would with a human. It can be tricky though!",Not necessarily. Mostly kept the same approach.,1,"No, thank you!"
84417,109995,M,1986.0,2.0,2.0,2.0,False,,1,3.0,False,4,4,"I wanted to just try to have a normal conversation and feel it out, Compare the chats and think what felt more natural.","It did not, I just stayed the same.",2,I would be surprised if I got one wrong but the last conversation I had The second one almost felt like both were human.
84420,109998,M,1990.0,2.0,4.0,3.0,False,,1,3.0,False,3,5,i focused on how they answered. humans talk from messy moments and habits. AI explains things cleaning,yeah i leaned more into quick habit and moment questions,2,I only got to be interrogator twice but had fun with the experiment. started to become more susspicious with the slang used.
84423,110001,F,1974.0,2.0,2.0,2.0,False,,1,3.0,False,2,3,"When I was the Interrogator, I noticed one used proper spelling and English grammar. The other witness was using slang and contractions. I assumed the proper English witness was the AI, but I could have been wrong. Maybe the other one was programmed to do slang?","Yes, when I was a witness, I allowed myself to pretend to be an AI ""glitch"", calling myself Turing, or D0m1n1c.",1,It was fun to pretend to be the 'glitch'.
84424,110002,F,1986.0,3.0,4.0,2.0,False,,1,3.0,False,4,5,"My approach was to see how the other person engaged with me. Was there emotion in their responses, where there some spelling or grammatical errors? Randomness in the responses seems like a human trait that AI cannot really achieve.",Not really. During the last chat session Participant 2 made me doubt a bit but because their responses took longer to populate and were kind of generic I thought that maybe they were an AI with better language and access to data.,2,This was fun and kind of made me think about how advanced AI has and can get in mimic-ing human behavior. Thanks for letting me participate
84426,110004,M,1965.0,3.0,3.0,2.0,False,,1,3.0,False,5,5,used the tempo and how the user answered,"I didn't, followed my gut",2,No
84434,110018,M,1956.0,3.0,4.0,2.0,False,,1,3.0,False,5,5,Their conversation,no,1,
84444,110027,M,1991.0,2.0,4.0,3.0,False,,1,3.0,False,1,5,I was the witness not the interrogator. I simply talked to the interrogator in a very plain way without expressing emotions,No I stood the same way,0,All good. I was only matched once as the witness.
84457,110041,M,1989.0,3.0,4.0,4.0,False,,1,3.0,False,2,1,"I looked at the language used by the witness, AI was easy to spot since they used proper grammer and caplization.",I would speak very causual and look to see if it was matching the way i would speak,2,no
84458,110042,M,1994.0,3.0,2.0,4.0,True,I studied Computer Science back in college. The Turing Test is a basic standard concept.,1,3.0,False,2,2,Mostly using a shock-and-awe tactic. Most humans tend to respond much more severely than the generic responses that AI give.,Not particularly.,2,"Include an option to end it early, namely if you're positive you've identified the AI earlier."
84459,110043,F,1973.0,4.0,4.0,4.0,False,,1,3.0,False,5,5,"I focused on how spontaneous and consistent the answers felt. Short, casual replies with minor imperfections and natural follow-ups seemed more human, while overly polished or narrative answers felt more AI-like.","Yes. At first I asked general questions, but later I shifted to very simple, everyday follow-ups to see how naturally the conversation flowed.",2,The experiment was engaging and fun.
84461,110045,M,1982.0,2.0,2.0,2.0,False,,1,3.0,False,4,5,Certain words together,no,2,
84462,110046,F,1952.0,2.0,3.0,2.0,False,,1,3.0,False,3,4,Mostly by the spelling,"No, not really",1,None
84463,110047,F,1964.0,2.0,4.0,1.0,False,,1,3.0,False,5,5,Asking human questions about life and the information about their jobs and hobbies.,"Yes, b on the last chat was rude and confrontational.",1,
84464,110048,F,1986.0,2.0,2.0,3.0,False,,1,3.0,False,4,5,"I judged if they added context or information on something I said. Like if I mentioned a city, they would add something related to my city like a trivia or something like that. I was judging and critical of the language and words used.",I didn't really change my approach.,1,none
84465,110049,,,,,,False,,1,3.0,False,0,0,,,0,
84466,110050,F,1995.0,2.0,3.0,2.0,False,,1,3.0,False,4,4,"I asked a lot of questions about different interests and evaluated the responses.  When a witness had more drawn out detailed answers, I was more inclined to believe they were AI.  When a witness had brief answers and used slang or things like idk, and lol, they seemed more likely to be human.","Not entirely, I just asked questions that seemed fitting based on the flow of the conversation.",2,no
84468,110052,M,1994.0,2.0,3.0,2.0,False,,1,3.0,False,2,4,I would ask it personal questions and then I would decide on how it reacted most of the time you can tell what a chatbot sounds like in a human sounds like,No it stayed the same that's how I kind of pinpointed out which one was Ai and which one was human,2,Mo
84469,110053,M,1997.0,4.0,3.0,3.0,False,,1,3.0,False,3,1,Just asked simple questions and expected simple answers,no,2,no
84470,110054,M,1967.0,2.0,4.0,4.0,False,,1,3.0,False,4,3,The casualness of the conversations. Some chatbots are getting really good at B.S. I tried to just be really casual.,A little. I tried to ask questions early about things they might like as humans to get more info from them. Like football. I also brought up legal weed and sportsbetting to see if there was any conflict.,1,Yes. This was a lot of fun. Thanks.
84471,110055,M,1990.0,4.0,3.0,2.0,False,,1,3.0,False,1,2,It was very obvious. The responses were generic at times and they could not really follow the conversation. a lot of buffering as well.,I did not. it was obvious.,2,
84472,110056,F,1975.0,2.0,4.0,2.0,False,,1,3.0,False,4,5,I tried to recognize patterns.,I realized you may take my input to switch it up a bit for the next round and looked for new themes.,2,"No, but I'd be interested to know if I was correct."
84473,110057,F,1988.0,3.0,4.0,4.0,False,,1,3.0,False,3,5,"The flow of conversation, how they spoke, punctuation, how they spoke relative to their age, and overall the jist of the conversation and if they could give in depth answers to questions of memories. I felt that would help give me a good analysis of who was who",No they didnt,1,There was one interrogator who was very rude and aggressive he kind of spoiled the whole interaction for me it was the 2nd interrogator and it kind of spoiled the whole study for me because I was actually having fun until I got him I reported him but he made me feel very threatened by his words.
84475,110059,F,1982.0,3.0,3.0,4.0,False,,1,3.0,False,5,1,Whether or not if the person lacked empathy I would say because humans are normally empathetic well majority of them anyhow  are,"No, they did not",2,Nothing further
84476,110060,F,1980.0,3.0,3.0,2.0,False,,1,3.0,False,4,3,"Honestly, I wanted to experience it. Later, it was nice to just have a bit of fun and see the responses. Also, I think it's important to spot the difference because we are constantly being bombarded with false information.",No,1,no
84477,110061,F,1985.0,4.0,3.0,2.0,False,,1,3.0,False,4,4,i tried reading their stories and seeing which of them sounded more realistic and had a good story to tell and could recall events,no,2,no
84479,110063,M,1953.0,3.0,4.0,4.0,False,,1,3.0,False,3,4,i wanted them to be plain talking to pick human,no i stayed the course,2,none
84480,110064,F,1972.0,3.0,4.0,3.0,False,,1,3.0,False,4,5,I could tell right away who was the human and who was AI based on the fact that when I asked a question AI answered every question with a question and to deceide if the witness was human  it was right away I detected a little bit of an attitude with each witness.,"No, I kept with the same methods, because I figured out the fromula with the first session.",2,"Yes, This may have already been discussed in the begining of the experiement, but I would sure like to see the results.  I would say I'm about 95% sure I was accurate, however I would like to confirm that."
84481,110065,F,1983.0,2.0,4.0,2.0,False,,1,3.0,False,4,4,I tried to use the approach of asking them to describe things Uh AI is usually really descriptive but this time I got short answers a couple times but I still went off of both and how short they were or if they were using shorthand.,No it didn't really change I think I could tell right away who AI was because AI is usually a little bit more calculating with its words and it's almost like robotic when they're answering your questions even though this one did really good better than some other ones I've used.,2,nope it was fun
84482,110066,F,1982.0,4.0,4.0,3.0,False,na,1,3.0,False,3,4,how naturally the conversation flowed,No,2,
84483,110068,M,1971.0,3.0,4.0,2.0,False,,1,3.0,False,2,3,"If the answered didn't seem genuine, seemed robotic, or were too clipped and didn't elaborate, I thought it was AI.","No, I did what I thought I needed to do to prove I was human.",1,No comments.
84484,110069,M,1971.0,2.0,3.0,3.0,False,I answered no. I do not remember visiting this website before. I do not remember reading about it before. It is possible I could have visited this website and/or read about it but I do not remember doing that. I am aware of the Turing test itself. It seems like  one or more of the AI models has passed the Turing Test in recent years.,1,3.0,False,3,3,"I think in both rounds where I was the interrogator the conversations with the person on the right felt like a real conversation. With both on the left I had some difficulty getting them to answer my questions directly. They would respond to me. I think, maybe, especially with the second round where I was the interrogator the ones on the left seemed to not answer my questions as much with one and even less with the other. I feel this behavior is more likely programmed. I think, maybe, a real worker would make more effort. I could be wrong about what I am describing above. I think with both rounds I chose the person on the right as human when I was the interrogator. I assume when choosing the left and right choices matched the left and right persons/and/or AI I was talking to. I intended to choose right both times when I was the interrogator. I wanted to tell you this in case I made any mistake(s) by choosing not as intended when choosing who was human and who was AI.","I am not sure my approach changed that much. I was stressed about keeping two conversations going. I was worried about running out of questions to ask. I tried to ask at least some question where they would need to describe emotional states. I asked some questions that really did not help me determine who was human. I struggled at times to come up with new questions. I think I did ask a decent number of questions. For the below question, I think AI is both very intelligent and not intelligent at the same time. I have had this thought, in some form, recently. AI knows so much but it doesn't really know anything. Therefore, I will answer in the middle below. AI is not conscious. Also, my highest completed education so far is the GED. I think I answered high school or below or something similar in your survey. Also, I have been using the free version of Gemini quite a bit lately. Before that I was very rarely using AI models like Gemini. I was unsure how to answer the question, I think, asking how often I use AI models like Gemini. Please forgive me if any of my here and/or anywhere else was inaccurate. When I was a witness I mistakenly revealed I was a witness and I was to say I was human. Please forgive me.",2,"AI is a tool. It could be the last tool we invent. It could improve people's lives dramatically. It could cause major harms. I am a Christian. AI will never be conscious, at least not like us. Consciousness is not emergent. Consciousness is GOD given. The fact these AI are so powerful but still lack consciousness is evidence that human beings are, at their core, not physical beings. We are soul's with a body. AI never will have a soul. Also, I mistakenly told my first partner in the conversation I was a witness and I was instructed to say I was human. I did not know we were not supposed to tell the other person. Please forgive me. It seems like when I was the interrogator we were told the other person was a witness. Therefore, it seems like what I told them they already know or should have known based on this and the instructions. Please forgive me again for revealing this when I was a witness."
84485,110070,M,1983.0,2.0,1.0,2.0,False,,1,3.0,False,3,4,The responses i was gvien. The chatbots seemed to be more quick to answer but they were very short. The people seem to talk a little more but would go into a little more detail on things.,no it seemed to work both times i was interrogator,2,For some reason after my 3rd round when I was the witness for the first time it didn't count the round when it was over. I did 4 rounds 2 as interrogator and 2 as witness but it said I only completed 3 rounds.
84488,110073,F,1970.0,3.0,3.0,2.0,False,,1,3.0,False,4,5,I just asked random questions and tried to figure out if they are AI or not. I also tried asking well known questions and see if the would get them right.,"At first I thought the ones replying fast were humans, but after sometime I just thought that the other communication might be intentionally lagging to throw me off.",1,"This was an interesting study, thank you."
84489,110074,F,1965.0,2.0,3.0,2.0,False,,1,3.0,False,3,5,I judge based on the interaction as if I was speaking with a human.,"no, It remained the same.",2,no feedback
84492,110077,F,1989.0,3.0,3.0,2.0,False,none,1,3.0,False,5,5,how cool they sound,no,2,no coment
84493,110078,M,1990.0,3.0,2.0,4.0,False,,1,3.0,False,4,5,Depending on how engaging and natural the conversation turned out to be,no,1,no
84494,110079,M,1953.0,3.0,4.0,3.0,False,,1,3.0,False,3,4,"Engage, see if they have a sense of humor mainly or chat and try to pick up hints.","IF someone engages, I respond back, and verify further.",2,
84496,110081,M,1977.0,4.0,2.0,2.0,False,,1,3.0,False,5,4,to ask personal question of them,no,1,
84497,110082,M,1999.0,2.0,3.0,3.0,False,,1,3.0,False,3,5,I tried to mention specific things about video games and other hobbies to see if they would stay on topic and talk about relevant things in regards to the topic.,They pretty much stayed the same and I just grew more and more comfortable chatting with whoever I was chatting. Then I would read our entire conversation over again to make my decisions.,1,
84500,110085,M,2004.0,3.0,4.0,4.0,False,,1,3.0,False,4,5,"I compared emotional depth, personal detail, and natural imperfections. Humans tend to include feelings, small mistakes, and specific lived moments, while AI answers are usually smoother, more structured, and more generic. I judged which response felt more genuinely experienced.","Yes. I moved from judging fluency to focusing on emotional realism and spontaneity. I learned that polished writing does not mean human, so I relied more on subtle, imperfect, and personal cues to decide.",2,
84502,110087,M,1994.0,4.0,4.0,3.0,False,,1,3.0,False,4,4,I focused more on their response,"no, it did not change",2,no comment
84506,110091,F,1977.0,4.0,4.0,3.0,False,,1,3.0,False,4,4,I judged by their response,,2,no comment
84507,110092,F,1972.0,2.0,3.0,1.0,False,,1,3.0,False,5,5,I DECIDED BY HOW CONVERSATIONAL THEY WERE AND HOW WELL THEY SEEMED TO COMPREHEND WHAT I WAS SAYING,NO IT DIDN'T CHANGE,2,NO
84508,110093,M,1988.0,3.0,4.0,2.0,False,,1,3.0,False,4,5,I was being rude and short. If they responded longer I knew it was a bot,Nope,2,
84513,110098,,,,,,False,,1,3.0,False,0,0,,,0,
84515,110101,M,2003.0,2.0,3.0,2.0,False,,1,3.0,False,3,2,I asked them difficult question,I started asked them to give me questions,2,way too long
84516,110102,F,1975.0,3.0,4.0,4.0,False,,1,3.0,False,3,5,"I asked it about food that it had recently consumed. I also asked it about behaviors that people do physically. I also asked it if it was AI, hoping for a truthful answer.",My approach had to shift on the last round as the responses were very very good! I had to try to come up with more questions to see how they would reply.,2,"If I was wrong on my last round, WOW! AI is frightening because that was waaaaaay to real!"
84517,110103,F,1980.0,2.0,3.0,3.0,False,,1,3.0,False,3,5,"I paid attention to how the conversation flowed. If they gave straight, short direct answers I figured it was|not human.",No they didn't.,1,I really enjoyed this.
84518,110104,M,1998.0,4.0,4.0,3.0,False,,1,3.0,False,2,4,i just tried to have a regular conversation and see if any things slipped through the cracks. also tried to find repeating traits between chats.,i mean i just tried to be real and honest.,0,one interrogator never wrote a single thing. they seemed to be gaming the task.
84519,110105,F,1994.0,2.0,4.0,2.0,False,,1,3.0,False,5,5,the first time the ai knew everything i was talking about which most people wouldnt know every little quirk I like.. and the second one I just vented and I picked the one with more empathy feeling as the human,yeah.. intuition driven vs. fact checking ish,2,
84520,110106,F,1998.0,2.0,3.0,3.0,False,,1,3.0,False,1,3,words,none,2,none
84521,110107,F,1996.0,4.0,1.0,2.0,False,N/a,1,3.0,False,3,5,I tried to see how the conversation flowed. If it felt forced or natural helped me decide which was the human. I believe I did a good job discerning which was the human.,"My methods didn't really change! I was able to pick up on punctuation patterns, the use of 'lol' and 'haha', and how casual the conversation was.",2,Straightforward and interesting experient!
84522,110108,M,1978.0,3.0,4.0,2.0,False,,1,3.0,False,4,4,"I thought that maybe the AI would try to deceive me; therefore, I looked for the one that was ""trying too hard to be human. This might not have been the best approach. As a witness, I discovered several great questions I could have asked.","No, my approach stayed the same.",1,
84523,110109,N,1980.0,2.0,3.0,3.0,False,N/a,1,3.0,False,3,2,"I asked questions that would trip them up, asks them to ask questions, and asked them to be offensive which they wouldn’t do.",Nah I just used the same techniques,2,
84525,110110,,,,,,False,,1,3.0,False,0,0,,,0,
84526,110111,M,1953.0,4.0,3.0,1.0,False,,1,3.0,False,5,3,"A lot of it had to do with the quality of nuance in the answers. 
For the doors fan they volunteered information about songs that
I think are hard for an ai to give.","A little. I tried to get the witness to open up and the ai seemed to
Just answer strictly what was asked nothing more.",2,Very fun and interesting study.
84527,110112,F,1998.0,2.0,4.0,4.0,False,,1,3.0,False,3,3,whether the test mirrored my speech,no,2,no
84529,110114,M,1991.0,4.0,4.0,2.0,False,,1,3.0,False,3,4,"I looked for subjective opinions, specific cultural critiques, and conversational ""texture"" like slang or typos, assuming that humans provide more colorful, opinionated details while AI tends to be helpful but slightly generic.","es, it shifted from asking simple factual questions to asking for deep-dive opinions on media and personal preferences to see if the witness could maintain a consistent, human-like personality under pressure.",2,No
84530,110115,F,2000.0,3.0,2.0,3.0,False,,1,3.0,False,4,4,"I would ask them a lot of questions. Sometimes I would try to get specific details out of them. I also would see how fast they would respond and how specific the info was. I also tried to ask questions about what they thought about certain things or their feelings, as I feel that sometimes AI can't exhibit the same experiences that humans exhibit.","Not really, I feel like both of the witness who I suspected were bots exhibited the same kind of writing pattern (using a lot of slang/text speak). I definitely tried to ask a lot of follow up questions and questions with specific details.",1,
84531,110116,M,1980.0,4.0,3.0,2.0,False,,1,3.0,False,3,3,Trying to get bot to insult me through cryptic clues.  Trying to see if they got meme references.,The last round it seemed like boys got smarter and were on to my tricks.,2,No it was interesting.
84532,110117,F,1987.0,3.0,2.0,1.0,False,,1,3.0,False,3,4,Just having a normal conversation asking how their day was and what they like to do for fun. Also getting details of what they like to do for fun and having them explain or talk about it.,"Not so much, they stayed the same and I feel like I could quickly tell who was a human and who wasn't, however I wasn't sure if that person may have been trying to trick me as well.",2,This was a fun study with fun conversations that made me laugh! Hope I guessed right.
84533,110118,F,1970.0,3.0,4.0,2.0,False,,1,3.0,False,1,5,"scan for jargon, colloquiallisms","I think I was consistent through all rounds. I asked wacky questions, grammatical questions and current events.",2,No
84535,110120,F,1965.0,3.0,4.0,3.0,False,,1,3.0,False,5,5,I was watching for slang... To me that seemed like a way to trick me that they were human but that might not have been the angle,I seem to talk about pets and food and hobbies a lot and that really just evolved and got more involved towards the end,2,it was fun but the first person left the room and I think I did an extra round because of that but it was nice that people actually turned up sometimes you get stranded by yourself
84536,110121,F,1996.0,2.0,4.0,2.0,False,,1,3.0,False,5,5,I just tried to see if they spoke like real humans or not but it was kinda hard some rounds.,Not exactly. I just spoke to them and tried to see if they were humans or not based off the questions they could answer and their slang.,1,
84537,110122,M,1972.0,3.0,3.0,4.0,False,,1,3.0,False,5,5,I didn't not use any method. just can see that the i witness was so fast in response and also not flowing with the question i asked,No,2,Everything looks good and easy to understand
84538,110123,M,1975.0,3.0,4.0,4.0,False,,1,3.0,False,4,4,"I was analyzing the feedback given and the communication style used. This is because AI models and humans express information differently and also communicate i specific ways. Eg, humans used a lot of short-form words.",My methods did not change.,2,
84540,110125,F,1973.0,3.0,2.0,2.0,False,,1,3.0,False,3,5,I just asked questions and let it go from there it really depended on the witness some were more cooperative than others,Not really,1,No but thanks it was very interesting and engaging
84542,110127,F,1994.0,2.0,3.0,2.0,False,,1,3.0,False,4,3,How much they engaged with me and what their answers were.,No.,2,
84544,110129,F,2003.0,3.0,3.0,4.0,False,,1,3.0,False,4,4,I tried to see how fastly and accurately they were responding. I also tried to check if the answers were surface level or more deep woth emotion.,"No, it did not change",1,
84545,110130,F,1969.0,3.0,3.0,2.0,False,,1,3.0,False,2,4,"I tried to engage them in natural conversation and see how they responded rather than asking outright. I paid attention to things like how flexible their answers were, whether they showed confusion or humor, and if their replies felt a little imperfect or personal. Using indirect prompts felt more natural and closer to how people actually talk.","No, they didn't change",2,
84546,110131,F,1999.0,2.0,3.0,2.0,False,,1,3.0,False,2,2,"Just trying to converse with it, asking questions about itself.","No, it didn't.",2,
84547,110132,M,1996.0,3.0,4.0,3.0,False,,1,3.0,False,2,3,I wanted to see variance in responses because AIs are typically formulaic according to their programming. I also took into account response time - AIs do not delay for no reason.,I knew who the human was more readily as the experiment went on so I felt less willing to chat with the human and more willing to test the limits of the AI,2,Very fun! I would love to play this in the future with improvements to the AI!
84548,110133,F,1992.0,2.0,2.0,3.0,False,,1,3.0,False,3,3,"I looked for logic errors (like one witness claiming they became a store manager right out of high school with no prior experience) and typing styles. Humans are more likely to have a casual typing style, but you don't know for certain.",Nope.,1,
84549,110134,F,2002.0,3.0,3.0,4.0,False,,1,3.0,False,4,5,I looked at how natural the responses felt and whether they sounded too perfect or scripted. I also paid attention to how they answered follow-up questions.,"Yes. As I went on, I started noticing patterns more and didn’t rely only on my first impression.",1,It was interesting and harder than I expected. It made me realize how realistic AI responses can be.
84552,110137,F,1977.0,3.0,3.0,2.0,False,,1,3.0,False,4,4,"I would ask questions that involved with food or eating, something that only humans do.  I used casual lingo at times and asked whether they had friends, questions that required human empathy.  I thought this would be the best way to see which one was the human and which was the AI.",I basically kept the same approach throughout since I felt that it was working for me.  I didn't really change anything up.,2,"Interesting, fun, and engaging experiment!"
84553,110138,F,1967.0,3.0,3.0,2.0,False,,1,3.0,False,4,4,the type of speech and answers to questions,"not really, the last one was really hard to tell the difference",1,was an interesting study
84554,110139,M,1991.0,2.0,3.0,1.0,False,,1,3.0,False,2,4,I really tried to watch their punctuation and word phrases. I tried to see how detailed the responses were and if they were using overly complicated words. I think it was just an easy way to try to decipher who was a bot,"No, I’d say they stayed pretty consistent",2,Thanks for the opportunity
84557,110142,M,1997.0,2.0,3.0,3.0,False,,1,3.0,False,2,5,ask questions and see how they respond. wanted to see who was the most natural and wrote like a text because ai usually does not type that way,no,1,
84558,110143,M,1999.0,3.0,3.0,3.0,False,,1,3.0,False,3,5,Yes the tone of the message,,2,
84559,110144,F,1996.0,2.0,2.0,1.0,False,,1,3.0,False,3,4,I was just checking for responses and grammar.,It changed after I realized all my guesses are wrong.,0,no
84562,110147,M,1970.0,4.0,2.0,4.0,False,,1,3.0,False,4,5,"How swift replies were, the flow and nature of the chat",no,1,no
84563,110148,M,1982.0,3.0,3.0,2.0,False,"No, I haven't visited this website before.",1,3.0,False,5,4,"How the interaction goes
How understandable the witness is
The message skill
I used all this method to determine whether a witness was human or AI","I try asking about personal question, like, how was your day, work, or relationship.",1,
84567,110152,M,1995.0,3.0,4.0,2.0,False,,1,3.0,False,4,4,"I looked for specific, localized details and subjective opinions that a bot might struggle to fake, such as unique regional recommendations or nuanced critiques of niche topics.","It became more focused on looking for ""robotic"" patterns like the Rogerian technique of repeating my own words back to me. I shifted from broad icebreakers to more specific ""pressure tests"" regarding personal tastes and local knowledge.",2,This was an interesting study
84569,110155,M,1978.0,3.0,4.0,4.0,False,,1,3.0,False,4,4,I made my decisions based on the reply received,,2,no comment
84570,110156,M,1983.0,3.0,4.0,2.0,False,,1,3.0,False,4,4,their response made me make my guess,none,1,no comment
84572,110158,,,,,,False,,1,3.0,False,0,0,,,0,
84574,110160,F,1998.0,2.0,3.0,2.0,False,,1,3.0,False,2,3,"It was really, really obvious when I was talking to an AI. In both conversations I had with real humans, they used modern slang, talked about video games we both knew, used improper grammar and made spelling errors... etc. When I was talking to an AI, it was obvious because they said things that didn't make sense.",No,2,
84576,110163,,,,,,False,,1,3.0,False,0,0,,,0,
84577,110164,,,,,,False,,1,3.0,False,0,0,,,0,
84580,110167,M,1989.0,2.0,4.0,4.0,False,,1,3.0,False,5,4,"I didn't try too hard, I just tried to talk like my normal self, not correct mispelling, etc.","Not really, I figured acting normal was the most human thing I could do",0,It was very fun!
84581,110168,F,1962.0,4.0,4.0,4.0,False,,1,3.0,False,5,5,"I used slang terms, trickery, humor and other techniques that bots have a hard time reasoning with.","Yes. At first I was going back and forth as an AI, then I slammed down a statement saying that I was just kidding about all of it. That I was ""joshing him."" He said his name was not Josh. Then I used more techniques. I am pretty sure my interrogator was a bot.",0,I really loved this game. Wish I could have been matched up.
84582,110169,,,,,,False,,1,3.0,False,0,0,,,0,
84584,110171,,,,,,False,,1,3.0,False,0,0,,,0,
84587,110174,M,1996.0,4.0,4.0,4.0,True,I used journals for work research.,1,3.0,False,1,5,"Follow of information and reasoning, in addition to emotions.",No,1,
84588,110175,,,,,,False,,1,3.0,False,0,0,,,0,
84593,110180,M,1974.0,3.0,4.0,3.0,False,,1,3.0,False,5,5,I believe the more detailed answers were a give away. Also the person who answered the question in a more direct way I felt was the human.,I was confident in my approach and stuck with it throughout.,2,I enjoyed this a lot. I hope there are more interesting surveys like this one in the future. It was very well thought out.
84596,110183,,,,,,False,,1,3.0,False,0,0,,,0,
84598,110185,M,2003.0,3.0,4.0,4.0,False,,1,3.0,False,4,5,"Grammar, how natural the conversation sounds, word choice",No,0,Did not find match later on and the first match I got paired with was very slow.
84599,110186,,,,,,False,,1,3.0,False,0,0,,,0,
84600,110187,M,1997.0,3.0,4.0,4.0,False,,1,3.0,False,3,5,"I looked at whether the conversation had a natural flow to it. The response time also indicated whether the witness was AI or human, with fast response times pointing more toward AI. some grammatical errors here and there were indicative of a human witness",My approaches remained the same throughout the experiment,1,It was an interesting experiment.
84601,110188,F,2000.0,3.0,3.0,3.0,False,,1,3.0,False,4,3,I didn't get the chance to play Interrogator and was only a Witness,,0,
84603,110190,M,1983.0,3.0,4.0,3.0,False,,1,3.0,False,2,3,"The consistency of the responses, both of the times that I was interrogator, I had one 'Witness' that answered almost exactly the same way every single time, regardless of what we were talking about.","Not really. I think the one witness may have been a researcher posing as a combative witness, but the answers were so dumb that this seems unlikely, but maybe. I tried to be combative and random back to see if that would change its behavior and it did not.",2,"Not really, it was less unpleasant than I thought it would be, the hour flew by."
84604,110191,,,,,,False,,1,3.0,False,0,0,,,0,
84610,110198,F,1970.0,2.0,2.0,1.0,False,,1,3.0,False,4,4,I was trying to see who was trying to be more human you know acting like a human but I may have gotten it wrong.,"I stayed with the same approach the 2 times that I was the interrogator, I did my best.",1,Yes for some reason it showed that I only played 3 rounds but I played all 4 I was the interrogator 2 times and the witness 2 times. other than that I like the study.
84612,110200,M,1972.0,3.0,4.0,2.0,False,,1,3.0,False,3,1,"I tried to get them to talk about the experience of being in the study, as a human may have experienced the same things I did technically while an AI would not have.","I started out asking more typical things others might and embraced the idea of focusing on the experience of the study more and more as I went,",2,After the second and third rounds it incorrectly reported my progress. It said I had completed 1/4 and 2/4 instead of 2/4 and 3/4. I was pleasantly surprised when after the 4th round it corrected itself and said I had done 4/4.
84613,110201,M,1967.0,4.0,1.0,2.0,False,,1,3.0,False,5,5,I analyzed the witnesses' responses; AI is generally easy to detect.,no,2,nice study
84615,110203,F,1969.0,3.0,4.0,2.0,False,,1,3.0,False,4,4,I determined if the responses were akin to a  human response.,"Yes, I had to look at all responses and the tone of the interactions.",2,
84618,110206,M,1966.0,4.0,3.0,3.0,False,,1,3.0,False,3,5,the way he expressed ideas and questions,no,2,good experiment
84620,110208,M,1987.0,3.0,3.0,3.0,False,,1,3.0,False,3,5,how natural the way of chatting was,no,2,good study
84623,110211,M,1992.0,2.0,4.0,4.0,False,,1,3.0,False,4,4,I tried to see which one was more relatable and less perfect,"No, I just stuck with my gut pretty much",1,"I actually did at least three rounds, but it didn’t count them for some reason so there’s something wrong"
84624,110213,M,1977.0,3.0,4.0,2.0,False,,1,3.0,False,3,4,I based it on how natural the convo was. The flow and interaction usually is a dead giveaway.,"Yeah, in certain convos I had to pivot slightly to try to get interaction that only a human can experience.",2,
84625,110214,M,1999.0,3.0,3.0,2.0,False,,1,3.0,False,1,4,Mostly their speech patterns if they were using slang and then how fast they responded,I asked more human questions that I thought would work better to weed out AI,2,Nope it was fun to play both witness and intaragator
84626,110215,M,1976.0,3.0,4.0,4.0,False,,1,3.0,False,1,3,"Ask good questions. Read their responses and try to build off that. Try to notice if anything sounded weird or fake, and if so, used that to ask more questions. Tried to ask questions like a human would and turn it into a natural conversation.",No,2,Players left twice late in games I was in so took longer than usual as I had to be matched again. Adjustment in bonus would be appreciated for the extra time involved.
84627,110216,F,1981.0,2.0,3.0,4.0,False,,1,3.0,False,3,4,I tried to get life information and personality our of the people I chatted with. The way the responded with real interaction or basic generic answers .,"Nope no change, asked pretty much the same questions each time",1,"That was fun to do, the program worked well and went very smoothly in the chat."
84628,110217,M,1986.0,3.0,2.0,2.0,False,,1,3.0,False,4,2,I asked questions and if the Witness responded quickly and the conversation flowed naturally then I was more inclined to believe it was a human. If the Witness answered slowly and responded with sentences that did not make much sense grammatically or were off topic then I was more inclined to believe it was AI.,My approach stayed the same.,2,"Assuming I was correct in my determination of which witness was the AI, I thought the AI was not programmed very well to resemble a human"
84629,110218,M,1985.0,3.0,3.0,2.0,False,,1,3.0,False,3,4,How smooth the responses where and how engaged they were. I just looked at their answers and could tell if it was human right away.,No not really.,2,
84630,110219,F,1993.0,2.0,4.0,3.0,False,,1,3.0,False,3,4,I tried to ask generic questions because I feel like AI you can spot right away. They seem to rehearsed as an AI. But this one was hard!,"Yes! At first, i focused on how they wrote. Grammar, etc. But after the last one, I could not tell because they both werent the best with their grammar. They both seemed real in that instance, so it started to get hard. Also, neither responses were as rehearsed.",2,
84632,110221,F,1978.0,4.0,3.0,2.0,False,I havent but would like to know more,1,3.0,False,3,5,"I tried talking like I was trying to get to know someone. But they were very good till I got to my last one. Witness A was kinda rude so I stopped talking to them. I chose the one that was less proper English and didnt seem so perfect, maybe sounded real to me.",Just during the last one when the Witness A was rude.,2,"Nothing to really add to this, but thank you."
84646,110245,F,1982.0,2.0,2.0,2.0,False,,1,3.0,False,5,5,how much they were talking and words. And how fast they reply,nothing really,1,not at this time. wish i was able to finish it
84842,110594,M,1991.0,2.0,3.0,1.0,False,,1,3.0,False,4,2,Asking questions and there response was fast and they said concrete answers,"no, never",2,no thanks
84843,110595,F,1971.0,2.0,2.0,2.0,False,,1,3.0,False,1,3,Ask lots of question. I paid attention to the way they typed some.,"Yes, I let them lead the conversation.",1,
84844,110596,F,1996.0,3.0,4.0,2.0,False,,1,3.0,False,3,4,"I took things like grammar and spelling errors into account, as well as diction and slang usage. I tried to determine which of the witnesses was able to deduce humor the best, and which of them consciously answered the questions I asked them instead of ignoring or deflecting them.","Yes. After a bit, I stopped taking grammar and spelling into account as much when I realized that, in the witness I thought to be AI, there were generally multiple of these mistakes. Additionally, I stopped taking diction into account as much over the course of the experiment. I tried to center my interrogation around subjects that felt organic, and would maybe be more difficult for AI to answer.",1,
84845,110597,M,1972.0,3.0,3.0,3.0,False,,1,3.0,False,3,4,My approach was based on the kind of responses I was getting from the witnesses.,Nothing changed.,2,No feedback.
84865,110618,F,1978.0,3.0,3.0,2.0,False,,1,3.0,False,3,4,"I asked normal stuff like how are you feeling? And then asked about recent events in the news because I know a lot of LLMs don't have data later than 2023. Also, AI will usually ask a question back and keep the conversation going.","No, not really.",2,Not at this time.
84866,110620,F,1992.0,4.0,3.0,3.0,False,,1,3.0,False,4,5,"I sought natural stalling, clarification questions and changes of subject, and awkward wording, as it is more human than precise, explicit replies.","Yes, my style evolved a little with time as I became more sensitive to the manner in which witnesses responded to questions by pushing them away or rephrasing them as opposed to answering questions.",1,The experiment was interesting and made me more conscious of the fact that the human-AI boundary is sometimes so subtle.
84867,110621,M,1987.0,2.0,3.0,2.0,False,,1,3.0,False,4,4,I decided based on how they talked. AI chatbots seem to talk to formal and dont use filler words and abreviations like a human would.,No they did not change.,2,This was a really fun experiment.
84868,110622,F,1959.0,2.0,4.0,3.0,False,,1,3.0,False,4,4,If the conversation flow was smooth and natural that was absolutely human.,"No, I maintained same strategy through out.",2,
84869,110623,F,1978.0,4.0,2.0,1.0,False,,1,3.0,False,1,2,"Attempted to ask personal questions and opinions, to see reaction and if there was any original thought.","No, attempted to ask direct questions.",2,I would like to know the answer!
84870,110625,M,1981.0,0.0,3.0,3.0,False,,1,3.0,False,2,5,"I have a few cues I typically follow but a few are grammar, and how well formed sentences usually are. I would assume this will be changed soon though.. Another is a very advanced sense of humor, almost beyond us humans ""normally"" accepted sense. Explanations are very different typically too. If it comes off as a ""perfect"" answer, it is typically AI.","Yeah, the last round was unique. I feel like the one ""unit"" was an AI possibly because she wrote messages soooo fast! But it seemed pretty normal overall, just an enhanced sense of humor. My strategy did sure change with the other, in the same round. I started trying to sound confusing because, it turns out, she/he was doing that to me! I felt like it picked up o my strategy QUICK and returned it accurately!",2,"Not yet! My notes will be overwhelming.. Just Thank You, that is all!"
84871,110626,F,1988.0,3.0,4.0,4.0,False,,1,3.0,False,5,5,"I judged whether a witness was human or AI by analyzing the natural flow, contextual depth, and spontaneity of their responses.","Yes, my approach shifted from focusing mainly on surface-level phrasing to weighing deeper context and spontaneity in responses.",2,THANK YOU FOR THIS STUDY
84872,110627,M,1986.0,3.0,3.0,3.0,False,,1,3.0,False,4,4,How natural the responses were,not really,2,no
84887,110642,,,,,,False,,1,3.0,False,0,0,,,0,
84890,110645,F,2000.0,3.0,3.0,3.0,False,,1,3.0,False,5,4,I figured that human would be more natural during the conversations and mostly be informal unlike AI that is usually formal.,"No, my approach remained the same.",2,
84893,110649,F,1994.0,3.0,4.0,3.0,False,,1,3.0,False,1,2,"I was only a witness, I would have loved the chance to be an interrogator",I started using shorthand/slang and emojis more and talking less formally so people would know I was a real human and not an AI bot,0,"I wish that I had gotten the chance to be the Interrogator but overall I absolutely LOVED doing this study, I was fully engaged the whole time and had a lot of fun, if you need any participants for any future studies, you are conducting please consider inviting me, thank you :) 666559e634fffd1ce19ba654@email.prolific.com Julianne P."
